model,method,update_f1_percent,final_memory_f1_percent
Granite 350M,KV/LWW,46.03351955307263,13.485137560109667
Granite 350M,Mem0,77.83783783783784,25.78021041720732
Granite 350M,Summary,75.25925925925927,42.4472380876286
Granite 350M,Patch,81.37931034482759,43.91516191665818
Granite 350M,CAMP,77.68115942028987,44.921741330595104
Qwen 0.8B,KV/LWW,46.03351955307263,13.485137560109667
Qwen 0.8B,Mem0,85.00651890482399,25.50032008689819
Qwen 0.8B,Summary,82.4858757062147,46.513634217068685
Qwen 0.8B,Patch,84.39620081411125,52.933586841836224
Qwen 0.8B,CAMP,81.15107913669065,50.78457233600119
Granite 1B,KV/LWW,46.03351955307263,13.485137560109667
Granite 1B,Mem0,71.89952904238618,25.346256220234764
Granite 1B,Summary,83.1578947368421,46.692358243364
Granite 1B,Patch,82.85714285714286,50.23451960402535
Granite 1B,CAMP,84.2249657064472,49.215694098315346
Llama 3.2 1B,KV/LWW,46.03351955307263,13.485137560109667
Llama 3.2 1B,Mem0,83.05732484076432,25.115955496946135
Llama 3.2 1B,Summary,79.11111111111111,47.73568645485156
Llama 3.2 1B,Patch,81.63804491413474,46.489098088651936
Llama 3.2 1B,CAMP,83.96094839609485,51.75290613304031
Qwen 2B,KV/LWW,46.03351955307263,13.485137560109667
Qwen 2B,Mem0,80.77455048409405,26.329405668864236
Qwen 2B,Summary,79.4682422451994,47.51432426304103
Qwen 2B,Patch,83.75165125495376,52.27702168123714
Qwen 2B,CAMP,84.00556328233657,53.99977464533351
Llama 3.2 3B,KV/LWW,46.03351955307263,13.485137560109667
Llama 3.2 3B,Mem0,83.37801608579089,26.232075562189344
Llama 3.2 3B,Summary,81.84438040345822,49.58630581604456
Llama 3.2 3B,Patch,85.0480109739369,54.96871204240992
Llama 3.2 3B,CAMP,81.7790530846485,53.31231090066696
Mean,KV/LWW,46.03351955307263,13.485137560109667
Mean,Mem0,80.3256295326162,25.71737057539
Mean,Summary,80.2211272436808,46.748257846999735
Mean,Patch,83.17839352651785,50.13635002913646
Mean,CAMP,82.13379483775127,50.66449990732541
