family,workload,focal,comparator,mean_difference_pp,scenario_bootstrap_ci_low,scenario_bootstrap_ci_high,hierarchical_bootstrap_ci_low,hierarchical_bootstrap_ci_high,scenario_cluster_wins,scenario_cluster_ties,scenario_cluster_losses,paired_permutation_p,holm_adjusted_p,positive_mean_weight_fraction,negative_mean_weight_fraction
main,Base,Patch,Summary,4.943623767841972,3.5348911340195874,6.400758746981599,2.8187525987062725,7.27836771970707,22,0,2,9.99990000099999e-06,2.999970000299997e-05,1.0,0.0
main,Base,Patch,Delta-v3,2.473490563365527,1.1805487053652672,3.8176065001071606,0.4890668303060751,4.526717658560969,17,0,7,0.0012699873001269988,0.0012699873001269988,1.0,0.0
main,Base,Patch,Mem0 One-pass,7.444076225782894,4.4789653386702195,10.552330172770585,2.355090083479819,12.945766940601361,21,0,3,4.999950000499995e-05,9.99990000099999e-05,1.0,0.0
k_sweep,Base,k=5,Patch,-2.473490563365527,-3.800909950975883,-1.1958186521627707,-4.448023082986512,-0.5115946251646563,7,0,17,0.0013999860001399987,0.008399916000839992,0.0,1.0
k_sweep,Base,k=5,k=2,-2.682663724143357,-4.016538942227275,-1.2631455239812714,-4.836339742970672,-0.6082650833557701,6,0,18,0.0014499855001449985,0.008399916000839992,0.0,1.0
k_sweep,Base,k=5,k=10,1.2542007091506286,-0.10266700933404173,2.5926218908031777,-1.158786483673048,3.8096773744472823,15,0,9,0.08667913320866791,0.10491895081049189,1.0,0.0
k_sweep,U40,k=5,Patch,-7.023663873855083,-9.350690353925806,-4.944006045452444,-10.56570082833023,-3.767442457771287,2,0,22,9.99990000099999e-06,0.00011999880001199988,0.0,1.0
k_sweep,U40,k=5,k=2,-5.01617377239091,-6.551970159051193,-3.4795022105789455,-8.634627220222823,-1.4353257265065955,3,0,21,9.99990000099999e-06,0.00011999880001199988,0.0,1.0
k_sweep,U40,k=5,k=10,1.8345703653238752,0.1570008125915445,3.591824046865987,-1.7673234831643674,5.409578360303028,16,0,8,0.052459475405245946,0.10491895081049189,1.0,0.0
k_sweep,U60,k=5,Patch,-6.645445803473856,-8.693508115989847,-4.687564739774153,-10.337904226580122,-2.8403698371611936,3,0,21,9.99990000099999e-06,0.00011999880001199988,0.0,1.0
k_sweep,U60,k=5,k=2,-3.8617739201677588,-5.478959503809674,-2.2124076962269563,-8.34752887300151,0.5743264532462139,4,0,20,0.00027999720002799973,0.001959980400195998,0.0,1.0
k_sweep,U60,k=5,k=10,2.694958761721038,1.0263908013337992,4.407007620743042,-2.996564858334727,9.171917749963846,18,0,6,0.005179948200517995,0.01959980400195998,1.0,0.0
k_sweep,U80,k=5,Patch,-6.416607491630144,-8.57814884792635,-4.4259675277029915,-11.011741476834658,-2.069911847298843,1,0,23,9.99990000099999e-06,0.00011999880001199988,0.0,1.0
k_sweep,U80,k=5,k=2,-4.794259184482562,-6.401173247821442,-3.173281941017068,-9.644132474333537,-0.021350165398980003,4,0,20,2.999970000299997e-05,0.00023999760002399976,0.0,1.0
k_sweep,U80,k=5,k=10,3.7937757353802164,1.4829271984588859,6.107054571272735,-2.4981469266103615,10.47359313454126,17,0,7,0.004899951000489995,0.01959980400195998,1.0,0.0
