model,method,epoch,workload,test_composite,update_cycle_latency_seconds,prefill_tps,decode_tps,relative_latency_percent
Granite 350M,Patch,4,base,59.623187030888694,2.6196655286500183,137.7,51.8,100.00000000000001
Granite 350M,Patch,4,20,59.623187030888694,3.326551621649661,137.7,51.8,100.0
Granite 350M,Patch,4,40,59.623187030888694,5.139779835858268,137.7,51.8,100.0
Granite 350M,Patch,4,60,59.623187030888694,6.890230940557738,137.7,51.8,100.0
Granite 350M,Patch,4,80,59.623187030888694,8.652751561084894,137.7,51.8,100.0
Granite 350M,k=2,3,base,63.21852218690689,2.512377338247985,137.7,51.8,95.90450806682479
Granite 350M,k=2,3,20,63.21852218690689,3.0263971254167337,137.7,51.8,90.97700771334856
Granite 350M,k=2,3,40,63.21852218690689,4.2006531741825865,137.7,51.8,81.72827063284393
Granite 350M,k=2,3,60,63.21852218690689,5.398992269580505,137.7,51.8,78.35720335294708
Granite 350M,k=2,3,80,63.21852218690689,6.5621567996568,137.7,51.8,75.8389600502297
Granite 350M,k=5,3,base,59.00760924569225,2.1673538164612207,137.7,51.8,82.73398999826189
Granite 350M,k=5,3,20,59.00760924569225,2.4095941880255607,137.7,51.8,72.43519602532503
Granite 350M,k=5,3,40,59.00760924569225,2.9706602961504927,137.7,51.8,57.79742306130193
Granite 350M,k=5,3,60,59.00760924569225,3.341789922508877,137.7,51.8,48.500405158239474
Granite 350M,k=5,3,80,59.00760924569225,3.8756279038141788,137.7,51.8,44.79069896383627
Granite 350M,k=10,4,base,58.11578977096408,2.1740531032307446,137.7,51.8,82.98972061334452
Granite 350M,k=10,4,20,58.11578977096408,2.426092759426093,137.7,51.8,72.93116221725656
Granite 350M,k=10,4,40,58.11578977096408,2.722332977234938,137.7,51.8,52.96594531622284
Granite 350M,k=10,4,60,58.11578977096408,2.9368238920526504,137.7,51.8,42.62301100483761
Granite 350M,k=10,4,80,58.11578977096408,3.1911258948023655,137.7,51.8,36.879897362987016
Qwen 0.8B,Patch,3,base,70.39282683257574,8.834631191866753,68.0,27.6,100.0
Qwen 0.8B,Patch,3,20,70.39282683257574,10.99171568627451,68.0,27.6,100.0
Qwen 0.8B,Patch,3,40,70.39282683257574,16.879814578005114,68.0,27.6,100.0
Qwen 0.8B,Patch,3,60,70.39282683257574,22.563876101165103,68.0,27.6,99.99999999999999
Qwen 0.8B,Patch,3,80,70.39282683257574,28.290429454390452,68.0,27.6,100.0
Qwen 0.8B,k=2,3,base,70.776492476398,6.542005445916199,68.0,27.6,74.0495591025784
Qwen 0.8B,k=2,3,20,70.776492476398,8.027384910485933,68.0,27.6,73.03122769550733
Qwen 0.8B,k=2,3,40,70.776492476398,11.182812233589088,68.0,27.6,66.24961537291183
Qwen 0.8B,k=2,3,60,70.776492476398,14.236685848252344,68.0,27.6,63.09503643975966
Qwen 0.8B,k=2,3,80,70.776492476398,17.157886295822678,68.0,27.6,60.649083901269336
Qwen 0.8B,k=5,3,base,66.6813049545039,6.033772951101271,68.0,27.6,68.29682892315891
Qwen 0.8B,k=5,3,20,66.6813049545039,7.229754901960784,68.0,27.6,65.77458067796157
Qwen 0.8B,k=5,3,40,66.6813049545039,8.573143648763853,68.0,27.6,50.789323597990865
Qwen 0.8B,k=5,3,60,66.6813049545039,9.585130008525148,68.0,27.6,42.479979794031095
Qwen 0.8B,k=5,3,80,66.6813049545039,10.777724317988065,68.0,27.6,38.09671512892304
Qwen 0.8B,k=10,3,base,67.55352315762535,8.183736051201791,68.0,27.6,92.63245825967039
Qwen 0.8B,k=10,3,20,67.55352315762535,9.870963341858483,68.0,27.6,89.80366326418428
Qwen 0.8B,k=10,3,40,67.55352315762535,11.19265451832907,68.0,27.6,66.3079233874608
Qwen 0.8B,k=10,3,60,67.55352315762535,11.8273273657289,68.0,27.6,52.417090541984436
Qwen 0.8B,k=10,3,80,67.55352315762535,12.533472932651321,68.0,27.6,44.30287264764807
Llama 1B,Patch,3,base,67.05548125928318,9.287741329005595,35.7,19.8,100.0
Llama 1B,Patch,3,20,67.05548125928318,11.682981071216364,35.7,19.8,100.0
Llama 1B,Patch,3,40,67.05548125928318,18.30795772854596,35.7,19.8,100.0
Llama 1B,Patch,3,60,67.05548125928318,24.992902413490647,35.7,19.8,100.0
Llama 1B,Patch,3,80,67.05548125928318,31.616035353535352,35.7,19.8,100.0
Llama 1B,k=2,3,base,68.52838062067829,7.746764015420731,35.7,19.8,83.40848157805176
Llama 1B,k=2,3,20,68.52838062067829,9.849265766912826,35.7,19.8,84.30438863911792
Llama 1B,k=2,3,40,68.52838062067829,14.437967914438502,35.7,19.8,78.86170663332192
Llama 1B,k=2,3,60,68.52838062067829,19.192677475030415,35.7,19.8,76.79251155988433
Llama 1B,k=2,3,80,68.52838062067829,23.64401154401154,35.7,19.8,74.78487191585087
Llama 1B,k=5,4,base,65.90736879267429,6.921440670343216,35.7,19.8,74.52232383698684
Llama 1B,k=5,4,20,65.90736879267429,8.330672268907563,35.7,19.8,71.30604952730803
Llama 1B,k=5,4,40,65.90736879267429,10.573419064595535,35.7,19.8,57.753132388487806
Llama 1B,k=5,4,60,65.90736879267429,12.536017033075856,35.7,19.8,50.158308249582
Llama 1B,k=5,4,80,65.90736879267429,14.38288770053476,35.7,19.8,45.4923823929949
Llama 1B,k=10,2,base,61.645479731331044,6.953119556280223,35.7,19.8,74.8634066128182
Llama 1B,k=10,2,20,61.645479731331044,7.78066378066378,35.7,19.8,66.59827430374929
Llama 1B,k=10,2,40,61.645479731331044,9.104897716662421,35.7,19.8,49.73191358458278
Llama 1B,k=10,2,60,61.645479731331044,10.164642220524573,35.7,19.8,40.67011526855685
Llama 1B,k=10,2,80,61.645479731331044,11.175642984466513,35.7,19.8,35.34802153242416
Granite 1B,Patch,3,base,71.73720132957777,12.750899814300427,25.7,16.4,100.0
Granite 1B,Patch,3,20,71.73720132957777,15.971604821106578,25.7,16.4,100.0
Granite 1B,Patch,3,40,71.73720132957777,24.838911692132488,25.7,16.4,100.0
Granite 1B,Patch,3,60,71.73720132957777,34.05385150738667,25.7,16.4,100.0
Granite 1B,Patch,3,80,71.73720132957777,43.247589446711586,25.7,16.4,100.00000000000001
Granite 1B,k=2,3,base,69.73066820652639,10.747153952171383,25.7,16.4,84.28545521248785
Granite 1B,k=2,3,20,69.73066820652639,13.36607905475942,25.7,16.4,83.6865124354696
Granite 1B,k=2,3,40,69.73066820652639,19.69407801081902,25.7,16.4,79.28720168950457
Granite 1B,k=2,3,60,69.73066820652639,25.998003859416027,25.7,16.4,76.34379874410612
Granite 1B,k=2,3,80,69.73066820652639,32.134411478599226,25.7,16.4,74.30335861422822
Granite 1B,k=5,4,base,67.37516838054592,9.667316591570005,25.7,16.4,75.81674024862063
Granite 1B,k=5,4,20,67.37516838054592,11.488573597798235,25.7,16.4,71.93124126522346
Granite 1B,k=5,4,40,67.37516838054592,14.297091202429534,25.7,16.4,57.55924969513868
Granite 1B,k=5,4,60,67.37516838054592,16.968069659295814,25.7,16.4,49.827167583717355
Granite 1B,k=5,4,80,67.37516838054592,19.56345496820727,25.7,16.4,45.23594313230518
Granite 1B,k=10,4,base,64.33103748277924,9.117757043764758,25.7,16.4,71.50677345561907
Granite 1B,k=10,4,20,64.33103748277924,10.46158062067002,25.7,16.4,65.5011236368995
Granite 1B,k=10,4,40,64.33103748277924,11.681983724020121,25.7,16.4,47.03098053897543
Granite 1B,k=10,4,60,64.33103748277924,12.707228496409478,25.7,16.4,37.315099273435
Granite 1B,k=10,4,80,64.33103748277924,13.863698158868749,25.7,16.4,32.05658011517889
Qwen 2B,Patch,3,base,71.13200310855234,21.386311497100564,24.7,14.5,100.0
Qwen 2B,Patch,3,20,71.13200310855234,27.161711573363117,24.7,14.5,100.0
Qwen 2B,Patch,3,40,71.13200310855234,43.85124249616083,24.7,14.5,100.0
Qwen 2B,Patch,3,60,71.13200310855234,60.06255944902043,24.7,14.5,100.0
Qwen 2B,Patch,3,80,71.13200310855234,76.34697891944717,24.7,14.5,100.0
Qwen 2B,k=2,3,base,69.28847037451582,15.615445041996495,24.7,14.5,73.01607406267111
Qwen 2B,k=2,3,20,69.28847037451582,19.45481781376518,24.7,14.5,71.6258905894726
Qwen 2B,k=2,3,40,69.28847037451582,27.802779561636186,24.7,14.5,63.40248982470751
Qwen 2B,k=2,3,60,69.28847037451582,36.20459118618828,24.7,14.5,60.278135860856565
Qwen 2B,k=2,3,80,69.28847037451582,44.269607008236775,24.7,14.5,57.98475281509846
Qwen 2B,k=5,4,base,69.10077815368386,15.950791901167067,24.7,14.5,74.58411845974274
Qwen 2B,k=5,4,20,69.10077815368386,18.716099399692865,24.7,14.5,68.90618563981559
Qwen 2B,k=5,4,40,69.10077815368386,23.019398296803015,24.7,14.5,52.494289754317364
Qwen 2B,k=5,4,60,69.10077815368386,26.41212527339569,24.7,14.5,43.97435859491407
Qwen 2B,k=5,4,80,69.10077815368386,29.820825073293314,24.7,14.5,39.05960064871319
Qwen 2B,k=10,4,base,70.56219843093295,20.34734049979059,24.7,14.5,95.1418878498481
Qwen 2B,k=10,4,20,70.56219843093295,25.070825073293314,24.7,14.5,92.30208120566198
Qwen 2B,k=10,4,40,70.56219843093295,28.347309786402345,24.7,14.5,64.644256747991
Qwen 2B,k=10,4,60,70.56219843093295,29.920438363814046,24.7,14.5,49.81545681417348
Qwen 2B,k=10,4,80,70.56219843093295,31.768536227837497,24.7,14.5,41.610731265943244
Llama 3B,Patch,4,base,71.06187965669302,27.549203261736487,11.1,7.3,100.0
Llama 3B,Patch,4,20,71.06187965669302,35.492163396272986,11.1,7.3,100.0
Llama 3B,Patch,4,40,71.06187965669302,56.541028014315685,11.1,7.3,100.0
Llama 3B,Patch,4,60,71.06187965669302,78.34216133942161,11.1,7.3,100.0
Llama 3B,Patch,4,80,71.06187965669302,99.43941441441441,11.1,7.3,100.00000000000001
Llama 3B,k=2,3,base,70.59546413163199,23.91448901365074,11.1,7.3,86.80646328115755
Llama 3B,k=2,3,20,70.59546413163199,30.145452301616686,11.1,7.3,84.93551651118074
Llama 3B,k=2,3,40,70.59546413163199,44.95310995927434,11.1,7.3,79.50529294920605
Llama 3B,k=2,3,60,70.59546413163199,59.768925089473036,11.1,7.3,76.29215746361778
Llama 3B,k=2,3,80,70.59546413163199,74.26610514624214,11.1,7.3,74.68477724208799
Llama 3B,k=5,4,base,69.21993568786401,20.910202780985852,11.1,7.3,75.90129769752127
Llama 3B,k=5,4,20,69.21993568786401,25.047340491176108,11.1,7.3,70.57146731665931
Llama 3B,k=5,4,40,69.21993568786401,32.13097618166111,11.1,7.3,56.827718402158936
Llama 3B,k=5,4,60,69.21993568786401,38.431831831831836,11.1,7.3,49.05638442284464
Llama 3B,k=5,4,80,69.21993568786401,44.48737813155621,11.1,7.3,44.73817388561318
Llama 3B,k=10,4,base,67.18876284594248,20.00379443029208,11.1,7.3,72.61115408762349
Llama 3B,k=10,4,20,67.18876284594248,22.992015302974206,11.1,7.3,64.78054055557679
Llama 3B,k=10,4,40,67.18876284594248,27.120424534123167,11.1,7.3,47.965920476819974
Llama 3B,k=10,4,60,67.18876284594248,30.073433707680284,11.1,7.3,38.38729133012494
Llama 3B,k=10,4,80,67.18876284594248,33.17052943354313,11.1,7.3,33.35752692117104
