model,workload,cycles,patch_cache_off_seconds,delta_cache_off_seconds,patch_cache_on_seconds,delta_cache_on_seconds,patch_cache_off_relative,delta_cache_off_relative,patch_cache_on_relative,delta_cache_on_relative,patch_prefix_reuse_percent,delta_prefix_reuse_percent,patch_logical_prefill_tokens,delta_logical_prefill_tokens,patch_evaluated_prefill_tokens,delta_evaluated_prefill_tokens
Granite 350M,base,67,4.324214678326473,4.627276425637562,2.6196655286500183,2.1673538164612207,100.0,107.00848061105926,60.581301427519854,50.12132786386116,51.20307361703513,66.25116767865484,458.4029850746269,511.2835820895522,223.6865671641791,172.55223880597015
Granite 350M,40,200,7.733389131428348,7.83445840798782,5.139779835858268,2.9706602961504927,100.0,101.30692087054986,66.46219074855938,38.413433562754335,40.56680391878461,71.65155527026666,880.375,934.725,523.235,264.98
Granite 350M,60,300,10.096936338766405,10.044912653082589,6.890230940557738,3.341789922508877,100.0,99.48475771324739,68.24080799740443,33.09706836199743,36.81391975188559,73.83667755482968,1199.4466666666667,1250.0833333333333,757.8833333333333,327.06333333333333
Granite 350M,80,400,12.468347058543138,12.439407860241195,8.652751561084894,3.8756279038141788,100.0,99.76789867842093,69.39774390668849,31.083734560938872,34.60128254731348,75.09241423226936,1518.4625,1570.375,993.055,391.1425
Qwen 0.8B,base,67,10.43757236833734,10.277407718441042,8.834631191866753,6.033772951101271,100.0,98.46549902367948,84.64258622691659,57.808202311534494,20.757183867208596,48.85654360296161,525.1194029850747,590.6417910447761,416.1194029850746,302.07462686567163
Qwen 0.8B,40,200,18.482755754475704,18.607849531116795,16.879814578005114,8.573143648763853,100.0,100.67681344872395,91.32736915553068,46.38455305393416,10.383325712543822,60.967459480709785,1049.76,1119.22,940.76,436.86
Qwen 0.8B,60,300,24.16681727763569,24.271600596760443,22.563876101165103,9.585130008525148,100.0,100.43358344593321,93.36718129633904,39.662359748941206,7.528352188747533,65.98553006860554,1447.86,1513.4833333333333,1338.86,514.8033333333333
Qwen 0.8B,80,400,29.89337063086104,30.16066549445865,28.290429454390452,10.777724317988065,100.0,100.8941610061251,94.6378038252543,36.053894527576155,5.902644276330394,68.86284405886602,1846.63,1914.0075,1737.63,595.9675
Llama 1B,base,67,16.4786774049285,17.025960090051395,9.287741329005595,6.921440670343216,100.0,103.32115661757666,56.36217701687506,42.0024040780914,53.43772330443968,67.64343688776938,480.4029850746269,533.2835820895523,223.6865671641791,172.55223880597015
Llama 1B,40,200,28.928125795772853,29.950029708853236,18.30795772854596,10.573419064595535,100.0,103.53256177152586,63.2877423784614,36.55065364151792,42.01579166089486,72.30343097546317,902.375,956.725,523.235,264.98
Llama 1B,60,300,37.9577950372068,39.007165492459606,24.992902413490647,12.536017033075856,100.0,102.76457168869845,65.8439258365567,33.026199284726275,37.89331775981486,74.28915820504423,1221.4466666666667,1272.0833333333333,758.6,327.06333333333333
Llama 1B,80,400,46.9495787709023,48.030856888209826,31.616035353535352,14.38288770053476,100.0,102.30306244616973,67.3404025791385,30.634753446283884,35.53526944018436,75.43653347986499,1540.4625,1592.375,993.055,391.1425
Granite 1B,base,67,21.883834363345088,22.84752450143701,12.750899814300427,9.667316591570005,100.0,104.4036621831962,58.26629649353354,44.175606664993474,51.20307361703513,66.25116767865484,458.4029850746269,511.2835820895522,223.6865671641791,172.55223880597015
Granite 1B,40,200,38.735409746607196,40.357207933947045,24.838911692132488,14.297091202429534,100.0,104.18686209323472,64.12456162105813,36.909616539377915,40.56680391878461,71.65155527026666,880.375,934.725,523.235,264.98
Granite 1B,60,300,51.235304166271234,52.88324475657208,34.05385150738667,16.968069659295814,100.0,103.21641613554762,66.46559840237016,33.117925101469545,36.81391975188559,73.83667755482968,1199.4466666666667,1250.0833333333333,757.8833333333333,327.06333333333333
Granite 1B,80,400,63.69146104204233,65.44798804213724,43.247589446711586,19.56345496820727,100.0,102.75786890637575,67.9017072919149,30.71597769643494,34.60128254731348,75.09241423226936,1518.4625,1570.375,993.055,391.1425
Qwen 2B,base,67,25.79926696268761,27.6336730420215,21.386311497100564,15.950791901167067,100.0,107.11030310274673,82.89503545984729,61.82653144461827,20.757183867208596,48.85654360296161,525.1194029850747,590.6417910447761,416.1194029850746,302.07462686567163
Qwen 2B,40,200,48.264197961747875,50.64530922797711,43.85124249616083,23.019398296803015,100.0,104.93349390808565,90.85666881052377,47.694562986516836,10.383325712543822,60.967459480709785,1049.76,1119.22,940.76,436.86
Qwen 2B,60,300,64.47551491460747,66.8445139373633,60.06255944902043,26.41212527339569,100.0,103.67426150204984,93.15561035622339,40.96458214932658,7.528352188747533,65.98553006860554,1447.86,1513.4833333333333,1338.86,514.8033333333333
Qwen 2B,80,400,80.7599343850342,83.18276839313137,76.34697891944717,29.820825073293314,100.0,103.0000445475178,94.53571192300917,36.925271547545336,5.902644276330394,68.86284405886602,1846.63,1914.0075,1737.63,595.9675
Llama 3B,base,67,50.676808478893946,53.40852199572298,27.549203261736487,20.910202780985852,100.0,105.3904608416032,54.36254588370591,41.26187778714321,53.43772330443968,67.64343688776938,480.4029850746269,533.2835820895523,223.6865671641791,172.55223880597015
Llama 3B,40,200,90.69778477107245,94.45034555103048,56.541028014315685,32.13097618166111,100.0,104.13743377462829,62.340031961121426,35.42641781468196,42.01579166089486,72.30343097546317,902.375,956.725,523.235,264.98
Llama 3B,60,300,120.10462380188407,123.56876876876876,78.34216133942161,38.431831831831836,100.0,102.88427277587489,65.22826420792025,31.998628042186134,37.95199135451405,74.28915820504423,1221.4466666666667,1272.0833333333333,757.8833333333333,327.06333333333333
Llama 3B,80,400,148.7554054054054,152.70652227570037,99.43941441441441,44.48737813155621,100.0,102.65611650180168,66.84759733161336,29.906394332571697,35.53526944018436,75.43653347986499,1540.4625,1592.375,993.055,391.1425
