model,workload,method,cache_mode,accuracy_scenarios,projected_update_cycle_latency_s,patch_projected_update_cycle_latency_s,relative_latency_percent,latency_reduction_percent,composite_percent,patch_composite_percent,composite_change_pp,prefill_tokens_per_s,decode_tokens_per_s
Granite 350M,Base,Patch,ON,24,2.6196655286500183,2.6196655286500183,100.0,0.0,59.623187030888694,59.623187030888694,0.0,137.7,51.8
Granite 350M,Base,k=2,ON,24,2.512377338247985,2.6196655286500183,95.90450806682479,4.095491933175211,63.21852218690689,59.623187030888694,3.5953351560181943,137.7,51.8
Granite 350M,Base,k=5,ON,24,2.1673538164612207,2.6196655286500183,82.73398999826189,17.26601000173811,59.00760924569225,59.623187030888694,-0.615577785196443,137.7,51.8
Granite 350M,Base,k=10,ON,24,2.1740531032307446,2.6196655286500183,82.98972061334452,17.010279386655483,58.11578977096408,59.623187030888694,-1.5073972599246162,137.7,51.8
Granite 350M,U40,Patch,ON,24,5.139779835858268,5.139779835858268,100.0,0.0,60.855569850061705,60.855569850061705,0.0,137.7,51.8
Granite 350M,U40,k=2,ON,24,4.2006531741825865,5.139779835858268,81.72827063284393,18.27172936715607,61.63178379310141,60.855569850061705,0.776213943039707,137.7,51.8
Granite 350M,U40,k=5,ON,24,2.9706602961504927,5.139779835858268,57.79742306130193,42.20257693869807,51.75932123494661,60.855569850061705,-9.096248615115094,137.7,51.8
Granite 350M,U40,k=10,ON,24,2.722332977234938,5.139779835858268,52.96594531622284,47.03405468377716,54.03664468325484,60.855569850061705,-6.818925166806864,137.7,51.8
Granite 350M,U60,Patch,ON,24,6.890230940557738,6.890230940557738,100.0,0.0,57.01119532035127,57.01119532035127,0.0,137.7,51.8
Granite 350M,U60,k=2,ON,24,5.398992269580505,6.890230940557738,78.35720335294708,21.64279664705292,58.15457702147218,57.01119532035127,1.1433817011209086,137.7,51.8
Granite 350M,U60,k=5,ON,24,3.341789922508877,6.890230940557738,48.500405158239474,51.499594841760526,47.12754950862361,57.01119532035127,-9.88364581172766,137.7,51.8
Granite 350M,U60,k=10,ON,24,2.9368238920526504,6.890230940557738,42.62301100483761,57.37698899516239,52.499792725335745,57.01119532035127,-4.511402595015525,137.7,51.8
Granite 350M,U80,Patch,ON,24,8.652751561084894,8.652751561084894,100.0,0.0,54.64309789051307,54.64309789051307,0.0,137.7,51.8
Granite 350M,U80,k=2,ON,24,6.5621567996568,8.652751561084894,75.8389600502297,24.1610399497703,56.56767474946305,54.64309789051307,1.9245768589499832,137.7,51.8
Granite 350M,U80,k=5,ON,24,3.8756279038141788,8.652751561084894,44.79069896383627,55.20930103616373,43.18473245372806,54.64309789051307,-11.458365436785009,137.7,51.8
Granite 350M,U80,k=10,ON,24,3.1911258948023655,8.652751561084894,36.879897362987016,63.120102637012984,46.65980058902792,54.64309789051307,-7.983297301485152,137.7,51.8
Qwen 0.8B,Base,Patch,ON,24,8.834631191866753,8.834631191866753,100.0,0.0,70.39282683257574,70.39282683257574,0.0,68.0,27.6
Qwen 0.8B,Base,k=2,ON,24,6.542005445916199,8.834631191866753,74.0495591025784,25.9504408974216,70.776492476398,70.39282683257574,0.383665643822269,68.0,27.6
Qwen 0.8B,Base,k=5,ON,24,6.033772951101271,8.834631191866753,68.29682892315891,31.703171076841087,66.6813049545039,70.39282683257574,-3.711521878071835,68.0,27.6
Qwen 0.8B,Base,k=10,ON,24,8.183736051201791,8.834631191866753,92.63245825967039,7.367541740329614,67.55352315762535,70.39282683257574,-2.8393036749503864,68.0,27.6
Qwen 0.8B,U40,Patch,ON,24,16.879814578005114,16.879814578005114,100.0,0.0,71.2649439309288,71.2649439309288,0.0,68.0,27.6
Qwen 0.8B,U40,k=2,ON,24,11.182812233589088,16.879814578005114,66.24961537291183,33.75038462708817,71.44884987582854,71.2649439309288,0.18390594489974887,68.0,27.6
Qwen 0.8B,U40,k=5,ON,24,8.573143648763853,16.879814578005114,50.789323597990865,49.210676402009135,65.17085743757798,71.2649439309288,-6.094086493350815,68.0,27.6
Qwen 0.8B,U40,k=10,ON,24,11.19265451832907,16.879814578005114,66.3079233874608,33.692076612539196,66.832222905063,71.2649439309288,-4.4327210258657885,68.0,27.6
Qwen 0.8B,U60,Patch,ON,24,22.563876101165103,22.563876101165103,100.0,0.0,71.19498408144437,71.19498408144437,0.0,68.0,27.6
Qwen 0.8B,U60,k=2,ON,24,14.236685848252344,22.563876101165103,63.09503643975966,36.90496356024034,70.45584532737746,71.19498408144437,-0.7391387540669143,68.0,27.6
Qwen 0.8B,U60,k=5,ON,24,9.585130008525148,22.563876101165103,42.479979794031095,57.520020205968905,62.85940765451677,71.19498408144437,-8.335576426927602,68.0,27.6
Qwen 0.8B,U60,k=10,ON,24,11.8273273657289,22.563876101165103,52.417090541984436,47.582909458015564,66.62907886497673,71.19498408144437,-4.565905216467641,68.0,27.6
Qwen 0.8B,U80,Patch,ON,24,28.290429454390452,28.290429454390452,100.0,0.0,71.3791957002593,71.3791957002593,0.0,68.0,27.6
Qwen 0.8B,U80,k=2,ON,24,17.157886295822678,28.290429454390452,60.649083901269336,39.350916098730664,70.76034614526776,71.3791957002593,-0.6188495549915416,68.0,27.6
Qwen 0.8B,U80,k=5,ON,24,10.777724317988065,28.290429454390452,38.09671512892304,61.90328487107696,60.397534486041536,71.3791957002593,-10.981661214217766,68.0,27.6
Qwen 0.8B,U80,k=10,ON,24,12.533472932651321,28.290429454390452,44.30287264764807,55.69712735235193,66.08095392562446,71.3791957002593,-5.298241774634846,68.0,27.6
Llama 1B,Base,Patch,ON,24,9.287741329005595,9.287741329005595,100.0,0.0,67.05548125928318,67.05548125928318,0.0,35.7,19.8
Llama 1B,Base,k=2,ON,24,7.746764015420731,9.287741329005595,83.40848157805176,16.591518421948237,68.52838062067829,67.05548125928318,1.4728993613951076,35.7,19.8
Llama 1B,Base,k=5,ON,24,6.921440670343216,9.287741329005595,74.52232383698684,25.477676163013157,65.90736879267429,67.05548125928318,-1.148112466608893,35.7,19.8
Llama 1B,Base,k=10,ON,24,6.953119556280223,9.287741329005595,74.8634066128182,25.136593387181804,61.645479731331044,67.05548125928318,-5.41000152795214,35.7,19.8
Llama 1B,U40,Patch,ON,24,18.30795772854596,18.30795772854596,100.0,0.0,64.4470069033128,64.4470069033128,0.0,35.7,19.8
Llama 1B,U40,k=2,ON,24,14.437967914438502,18.30795772854596,78.86170663332192,21.138293366678084,62.04732222212675,64.4470069033128,-2.399684681186045,35.7,19.8
Llama 1B,U40,k=5,ON,24,10.573419064595535,18.30795772854596,57.753132388487806,42.246867611512194,55.625885039600206,64.4470069033128,-8.821121863712591,35.7,19.8
Llama 1B,U40,k=10,ON,24,9.104897716662421,18.30795772854596,49.73191358458278,50.26808641541722,55.161373986912274,64.4470069033128,-9.285632916400523,35.7,19.8
Llama 1B,U60,Patch,ON,24,24.992902413490647,24.992902413490647,100.0,0.0,64.29124304572944,64.29124304572944,0.0,35.7,19.8
Llama 1B,U60,k=2,ON,24,19.192677475030415,24.992902413490647,76.79251155988433,23.207488440115668,61.1650862118676,64.29124304572944,-3.1261568338618417,35.7,19.8
Llama 1B,U60,k=5,ON,24,12.536017033075856,24.992902413490647,50.158308249582,49.841691750418,58.956377005124196,64.29124304572944,-5.334866040605249,35.7,19.8
Llama 1B,U60,k=10,ON,24,10.164642220524573,24.992902413490647,40.67011526855685,59.32988473144315,56.68957421178076,64.29124304572944,-7.601668833948686,35.7,19.8
Llama 1B,U80,Patch,ON,24,31.616035353535352,31.616035353535352,100.0,0.0,61.656132682388034,61.656132682388034,0.0,35.7,19.8
Llama 1B,U80,k=2,ON,24,23.64401154401154,31.616035353535352,74.78487191585087,25.21512808414913,59.65612030499222,61.656132682388034,-2.0000123773958123,35.7,19.8
Llama 1B,U80,k=5,ON,24,14.38288770053476,31.616035353535352,45.4923823929949,54.5076176070051,58.11151962286416,61.656132682388034,-3.5446130595238756,35.7,19.8
Llama 1B,U80,k=10,ON,24,11.175642984466513,31.616035353535352,35.34802153242416,64.65197846757584,55.16400653032545,61.656132682388034,-6.492126152062582,35.7,19.8
Granite 1B,Base,Patch,ON,24,12.750899814300427,12.750899814300427,100.0,0.0,71.73720132957777,71.73720132957777,0.0,25.7,16.4
Granite 1B,Base,k=2,ON,24,10.747153952171383,12.750899814300427,84.28545521248785,15.714544787512153,69.73066820652639,71.73720132957777,-2.0065331230513834,25.7,16.4
Granite 1B,Base,k=5,ON,24,9.667316591570005,12.750899814300427,75.81674024862063,24.183259751379367,67.37516838054592,71.73720132957777,-4.362032949031857,25.7,16.4
Granite 1B,Base,k=10,ON,24,9.117757043764758,12.750899814300427,71.50677345561907,28.49322654438093,64.33103748277924,71.73720132957777,-7.406163846798535,25.7,16.4
Granite 1B,U40,Patch,ON,24,24.838911692132488,24.838911692132488,100.0,0.0,75.63765274112525,75.63765274112525,0.0,25.7,16.4
Granite 1B,U40,k=2,ON,24,19.69407801081902,24.838911692132488,79.28720168950457,20.71279831049543,68.28081830256403,75.63765274112525,-7.356834438561222,25.7,16.4
Granite 1B,U40,k=5,ON,24,14.297091202429534,24.838911692132488,57.55924969513868,42.44075030486132,65.93208387431234,75.63765274112525,-9.70556886681291,25.7,16.4
Granite 1B,U40,k=10,ON,24,11.681983724020121,24.838911692132488,47.03098053897543,52.96901946102457,59.84820097864254,75.63765274112525,-15.789451762482713,25.7,16.4
Granite 1B,U60,Patch,ON,24,34.05385150738667,34.05385150738667,100.0,0.0,78.00841186140491,78.00841186140491,0.0,25.7,16.4
Granite 1B,U60,k=2,ON,24,25.998003859416027,34.05385150738667,76.34379874410612,23.656201255893876,65.43681016413059,78.00841186140491,-12.571601697274318,25.7,16.4
Granite 1B,U60,k=5,ON,24,16.968069659295814,34.05385150738667,49.827167583717355,50.172832416282645,68.19067547819253,78.00841186140491,-9.817736383212377,25.7,16.4
Granite 1B,U60,k=10,ON,24,12.707228496409478,34.05385150738667,37.315099273435,62.684900726565,51.82944335510111,78.00841186140491,-26.178968506303796,25.7,16.4
Granite 1B,U80,Patch,ON,24,43.247589446711586,43.247589446711586,100.0,0.0,74.97503188701621,74.97503188701621,0.0,25.7,16.4
Granite 1B,U80,k=2,ON,24,32.134411478599226,43.247589446711586,74.30335861422822,25.696641385771784,65.92317744674747,74.97503188701621,-9.051854440268741,25.7,16.4
Granite 1B,U80,k=5,ON,24,19.56345496820727,43.247589446711586,45.23594313230518,54.76405686769482,65.8626592949267,74.97503188701621,-9.112372592089514,25.7,16.4
Granite 1B,U80,k=10,ON,24,13.863698158868749,43.247589446711586,32.05658011517889,67.94341988482111,50.50986507540909,74.97503188701621,-24.465166811607126,25.7,16.4
Qwen 2B,Base,Patch,ON,24,21.386311497100564,21.386311497100564,100.0,0.0,71.13200310855234,71.13200310855234,0.0,24.7,14.5
Qwen 2B,Base,k=2,ON,24,15.615445041996495,21.386311497100564,73.01607406267111,26.98392593732889,69.28847037451582,71.13200310855234,-1.8435327340365149,24.7,14.5
Qwen 2B,Base,k=5,ON,24,15.950791901167067,21.386311497100564,74.58411845974274,25.41588154025726,69.10077815368386,71.13200310855234,-2.0312249548684775,24.7,14.5
Qwen 2B,Base,k=10,ON,24,20.34734049979059,21.386311497100564,95.1418878498481,4.8581121501518965,70.56219843093295,71.13200310855234,-0.5698046776193877,24.7,14.5
Qwen 2B,U40,Patch,ON,24,43.85124249616083,43.85124249616083,100.0,0.0,71.5269606481687,71.5269606481687,0.0,24.7,14.5
Qwen 2B,U40,k=2,ON,24,27.802779561636186,43.85124249616083,63.40248982470751,36.59751017529249,72.15281484504541,71.5269606481687,0.6258541968767162,24.7,14.5
Qwen 2B,U40,k=5,ON,24,23.019398296803015,43.85124249616083,52.494289754317364,47.505710245682636,66.0810146676613,71.5269606481687,-5.445945980507403,24.7,14.5
Qwen 2B,U40,k=10,ON,24,28.347309786402345,43.85124249616083,64.644256747991,35.355743252009006,62.11731949756767,71.5269606481687,-9.409641150601026,24.7,14.5
Qwen 2B,U60,Patch,ON,24,60.06255944902043,60.06255944902043,100.0,0.0,71.32758878818176,71.32758878818176,0.0,24.7,14.5
Qwen 2B,U60,k=2,ON,24,36.20459118618828,60.06255944902043,60.278135860856565,39.721864139143435,70.57959363969668,71.32758878818176,-0.7479951484850744,24.7,14.5
Qwen 2B,U60,k=5,ON,24,26.41212527339569,60.06255944902043,43.97435859491407,56.02564140508593,65.56732269667573,71.32758878818176,-5.7602660915060255,24.7,14.5
Qwen 2B,U60,k=10,ON,24,29.920438363814046,60.06255944902043,49.81545681417348,50.18454318582652,60.06266569009867,71.32758878818176,-11.264923098083088,24.7,14.5
Qwen 2B,U80,Patch,ON,24,76.34697891944717,76.34697891944717,100.0,0.0,71.4661163716905,71.4661163716905,0.0,24.7,14.5
Qwen 2B,U80,k=2,ON,24,44.269607008236775,76.34697891944717,57.98475281509846,42.01524718490154,70.95664209713422,71.4661163716905,-0.5094742745562826,24.7,14.5
Qwen 2B,U80,k=5,ON,24,29.820825073293314,76.34697891944717,39.05960064871319,60.94039935128681,67.93772514551524,71.4661163716905,-3.528391226175259,24.7,14.5
Qwen 2B,U80,k=10,ON,24,31.768536227837497,76.34697891944717,41.610731265943244,58.389268734056756,59.021492047692604,71.4661163716905,-12.4446243239979,24.7,14.5
Llama 3B,Base,Patch,ON,24,27.549203261736487,27.549203261736487,100.0,0.0,71.06187965669302,71.06187965669302,0.0,11.1,7.3
Llama 3B,Base,k=2,ON,24,23.91448901365074,27.549203261736487,86.80646328115755,13.193536718842452,70.59546413163199,71.06187965669302,-0.4664155250610378,11.1,7.3
Llama 3B,Base,k=5,ON,24,20.910202780985852,27.549203261736487,75.90129769752127,24.098702302478728,69.21993568786401,71.06187965669302,-1.841943968829014,11.1,7.3
Llama 3B,Base,k=10,ON,24,20.00379443029208,27.549203261736487,72.61115408762349,27.38884591237651,67.18876284594248,71.06187965669302,-3.8731168107505454,11.1,7.3
Llama 3B,U40,Patch,ON,24,56.541028014315685,56.541028014315685,100.0,0.0,71.07725378785904,71.07725378785904,0.0,11.1,7.3
Llama 3B,U40,k=2,ON,24,44.95310995927434,56.541028014315685,79.50529294920605,20.49470705079395,67.2934782845559,71.07725378785904,-3.783775503303133,11.1,7.3
Llama 3B,U40,k=5,ON,24,32.13097618166111,56.541028014315685,56.827718402158936,43.172281597841064,68.427125688862,71.07725378785904,-2.6501280989970297,11.1,7.3
Llama 3B,U40,k=10,ON,24,27.120424534123167,56.541028014315685,47.965920476819974,52.034079523180026,63.92704370711984,71.07725378785904,-7.150210080739193,11.1,7.3
Llama 3B,U60,Patch,ON,24,78.34216133942161,78.34216133942161,100.0,0.0,68.02431358288838,68.02431358288838,0.0,11.1,7.3
Llama 3B,U60,k=2,ON,24,59.768925089473036,78.34216133942161,76.29215746361778,23.707842536382216,67.015837693815,68.02431358288838,-1.008475889073381,11.1,7.3
Llama 3B,U60,k=5,ON,24,38.431831831831836,78.34216133942161,49.05638442284464,50.94361557715536,67.10801066199345,68.02431358288838,-0.9163029208949354,11.1,7.3
Llama 3B,U60,k=10,ON,24,30.073433707680284,78.34216133942161,38.38729133012494,61.61270866987506,65.82883064388734,68.02431358288838,-2.195482939001039,11.1,7.3
Llama 3B,U80,Patch,ON,24,99.43941441441441,99.43941441441441,100.0,0.0,67.10842403521738,67.10842403521738,0.0,11.1,7.3
Llama 3B,U80,k=2,ON,24,74.26610514624214,99.43941441441441,74.68477724208799,25.31522275791201,67.10866720377105,67.10842403521738,0.00024316855366635082,11.1,7.3
Llama 3B,U80,k=5,ON,24,44.48737813155621,99.43941441441441,44.73817388561318,55.26182611438682,66.70208014323886,67.10842403521738,-0.4063438919785227,11.1,7.3
Llama 3B,U80,k=10,ON,24,33.17052943354313,99.43941441441441,33.35752692117104,66.64247307882896,61.899066858586274,67.10842403521738,-5.209357176631109,11.1,7.3
