model,method,method_slug,trace_path,prefill_tokens_per_second,decode_tokens_per_second,cycles,update_decode_tokens_mean,next_logical_prefill_tokens_mean,next_evaluated_prefill_tokens_mean,projected_cache_on_latency_seconds_mean,projected_cache_off_latency_seconds_mean,all_turns,all_turn_logical_prefill_tokens_mean,all_turn_evaluated_prefill_tokens_mean,all_turn_decode_tokens_mean,all_turn_model_tokens_mean,all_turn_projected_latency_seconds_mean,all_turn_retrieval_seconds_mean,generation_errors,manager_invocations,manager_invocation_rate,relative_latency_summary_100,all_turn_relative_latency_summary_100
Granite 350M,Summary,summary,/mnt/nvme2/hj153lee/PalmClaw/on-device-memory-training/benchmarks/granite4-350m-natural-s86-s90-cache-once-20260907-v1/cache/summary/on/turns.jsonl,137.7,51.8,33,264.8787878787879,412.4848484848485,196.21212121212122,6.53841474102912,8.109022782225397,402,463.0124378109453,99.17661691542288,28.16915422885572,127.3457711442786,1.2640429355871752,0.0,0,0,0.0,100.0,100.0
Granite 350M,Patch,patch,/mnt/nvme2/hj153lee/PalmClaw/on-device-memory-training/benchmarks/granite4-350m-natural-s86-s90-cache-once-20260907-v1/cache/patch/on/turns.jsonl,137.7,51.8,48,82.29166666666667,433.9791666666667,189.0,2.961191233250057,4.740270148766881,402,487.0124378109453,99.47512437810946,15.990049751243781,115.46517412935323,1.0310928987155696,0.0,0,0,0.0,45.289131242598074,81.5710344709616
Granite 350M,Delta-v3 (k=5),delta_v3_compact_k5,/mnt/nvme2/hj153lee/PalmClaw/on-device-memory-training/benchmarks/granite4-350m-natural-s86-s90-cache-once-20260907-v1/cache/delta_v3_compact_k5/on/turns.jsonl,137.7,51.8,38,79.71052631578948,487.92105263157896,156.31578947368422,2.6740041678122175,5.082176013548563,402,564.5223880597015,81.76119402985074,14.271144278606965,96.03233830845771,0.8692679258965476,0.0,1,0,0.0,40.89682704023972,68.76886072645577
Granite 350M,Mem0 One-pass,mem0_one_pass,/mnt/nvme2/hj153lee/PalmClaw/on-device-memory-training/benchmarks/mem0-efficiency-controlled-s86-s90-20260918-v1/granite4-350m/cache/mem0_one_pass/on/turns.jsonl,137.7,51.8,52,109.07692307692308,561.4423076923077,462.9423076923077,5.46769512455787,6.183018290861429,402,626.8358208955224,524.0572139303482,21.074626865671643,545.1318407960199,4.212635576892723,0.017030225640431565,0,0,0.0,83.62417101270141,333.266810666986
Granite 350M,Mem0 Two-stage,mem0_two_stage,/mnt/nvme2/hj153lee/PalmClaw/on-device-memory-training/benchmarks/mem0-efficiency-controlled-s86-s90-20260918-v1/granite4-350m/cache/mem0_two_stage/on/turns.jsonl,137.7,51.8,39,109.61538461538461,180.82051282051282,65.94871794871794,2.5950575296980527,3.429275357379933,402,228.46268656716418,90.42786069651741,15.149253731343284,105.57711442786069,0.9491586015827553,0.004835746725974836,0,39,0.09701492537313433,39.68939922721392,75.08911088861477
Qwen 0.8B,Summary,summary,/mnt/nvme2/hj153lee/PalmClaw/on-device-memory-training/benchmarks/qwen35-0.8b-natural-s86-s90-cache-once-20260905-v1/cache/summary/on/turns.jsonl,68.0,27.6,39,272.6923076923077,453.2564102564103,367.20512820512823,15.280231490589546,16.545691520755458,402,532.1318407960199,154.46766169154228,32.776119402985074,187.24378109452735,3.459123818248909,0.0,0,0,0.0,100.0,100.00000000000001
Qwen 0.8B,Patch,patch,/mnt/nvme2/hj153lee/PalmClaw/on-device-memory-training/benchmarks/qwen35-0.8b-natural-s86-s90-cache-once-20260905-v1/cache/patch/on/turns.jsonl,68.0,27.6,64,94.109375,495.15625,338.0625,8.381267316709293,10.691469522591644,402,558.1318407960199,154.7910447761194,20.8681592039801,175.6592039800995,3.0324316185483493,0.0,0,0,0.0,54.85039491627443,87.66473181880602
Qwen 0.8B,Delta-v3 (k=5),delta_v3_compact_k5,/mnt/nvme2/hj153lee/PalmClaw/on-device-memory-training/benchmarks/qwen35-0.8b-natural-s86-s90-cache-once-20260905-v1/cache/delta_v3_compact_k5/on/turns.jsonl,68.0,27.6,32,86.09375,573.6875,306.15625,7.621636562233589,11.555919650468883,402,652.6019900497513,123.32089552238806,13.296019900497512,136.61691542288557,2.2952824326788903,0.0,0,0,0.0,49.87906477023882,66.35444561336394
Qwen 0.8B,Mem0 One-pass,mem0_one_pass,/mnt/nvme2/hj153lee/PalmClaw/on-device-memory-training/benchmarks/mem0-efficiency-controlled-s86-s90-20260918-v1/qwen35-0.8b/cache/mem0_one_pass/on/turns.jsonl,68.0,27.6,57,119.96491228070175,620.1228070175439,528.1228070175439,12.113066660684106,13.466007837154693,402,752.1442786069651,661.2885572139304,23.875621890547265,685.1641791044776,10.589890487884533,0.009918416229387125,0,0,0.0,79.27279549491142,306.14372437368803
Qwen 0.8B,Mem0 Two-stage,mem0_two_stage,/mnt/nvme2/hj153lee/PalmClaw/on-device-memory-training/benchmarks/mem0-efficiency-controlled-s86-s90-20260918-v1/qwen35-0.8b/cache/mem0_two_stage/on/turns.jsonl,68.0,27.6,37,125.08108108108108,187.83783783783784,75.83783783783784,5.647185548720075,7.294244372249487,402,252.53980099502488,131.06716417910448,16.415422885572138,147.4825870646766,2.52221999550415,0.0051280937681150674,0,39,0.09701492537313433,36.957460704688536,72.91499605183135
Granite 1B,Summary,summary,/mnt/nvme2/hj153lee/PalmClaw/on-device-memory-training/benchmarks/granite4-1b-natural-s86-s90-cache-once-20260905-v1/cache/summary/on/turns.jsonl,25.7,16.4,59,260.54237288135596,413.2881355932203,192.11864406779662,23.36216367505626,31.96798046592878,402,463.0124378109453,99.17661691542288,44.211442786069654,143.38805970149255,6.55483201341683,0.0,0,0,0.0,100.0,100.0
Granite 1B,Patch,patch,/mnt/nvme2/hj153lee/PalmClaw/on-device-memory-training/benchmarks/granite4-1b-natural-s86-s90-cache-once-20260905-v1/cache/patch/on/turns.jsonl,25.7,16.4,59,85.01694915254237,431.47457627118644,187.27118644067798,12.470776907201902,21.972854332513517,402,487.0124378109453,99.47512437810946,18.450248756218905,117.92537313432835,4.995642575770668,0.0,0,0,0.0,53.380230875263194,76.21312896417913
Granite 1B,Delta-v3 (k=5),delta_v3_compact_k5,/mnt/nvme2/hj153lee/PalmClaw/on-device-memory-training/benchmarks/granite4-1b-natural-s86-s90-cache-once-20260905-v1/cache/delta_v3_compact_k5/on/turns.jsonl,25.7,16.4,41,77.78048780487805,464.0243902439024,162.97560975609755,11.084176085663296,22.798136415928077,402,564.5223880597015,81.76119402985074,14.218905472636816,95.98009950248756,4.048375848762262,0.0,0,0,0.0,47.444989427489766,61.761702519237716
Granite 1B,Mem0 One-pass,mem0_one_pass,/mnt/nvme2/hj153lee/PalmClaw/on-device-memory-training/benchmarks/mem0-efficiency-controlled-s86-s90-20260918-v1/granite4-1b/cache/mem0_one_pass/on/turns.jsonl,25.7,16.4,25,110.6,486.52,387.96,21.83962228338237,25.674641738635287,402,626.8358208955224,524.0572139303482,14.380597014925373,538.4378109452737,21.2681969529783,0.013079031460932386,0,0,0.0,93.48287507590958,324.46593458757235
Granite 1B,Mem0 Two-stage,mem0_two_stage,/mnt/nvme2/hj153lee/PalmClaw/on-device-memory-training/benchmarks/mem0-efficiency-controlled-s86-s90-20260918-v1/granite4-1b/cache/mem0_two_stage/on/turns.jsonl,25.7,16.4,35,109.82857142857142,172.14285714285714,60.142857142857146,9.03705310538375,13.395029759080249,402,221.0870646766169,83.9726368159204,14.126865671641792,98.09950248756219,4.128812023209378,0.007349333338976944,0,35,0.08706467661691543,38.68243212007198,62.988830449937915
Llama 3.2 1B,Summary,summary,/mnt/nvme2/hj153lee/PalmClaw/on-device-memory-training/benchmarks/llama32-1b-stress-test-once-20260908-v1/cache/base/summary/on/turns.jsonl,35.7,19.8,34,247.44117647058823,423.5,196.47058823529412,18.000406936393095,24.359774212715386,402,485.0124378109453,99.45024875621891,27.33582089552239,126.7860696517413,4.166318268600972,0.0,0,0,0.0,100.0,100.0
Llama 3.2 1B,Patch,patch,/mnt/nvme2/hj153lee/PalmClaw/on-device-memory-training/benchmarks/llama32-1b-stress-test-once-20260908-v1/cache/base/patch/on/turns.jsonl,35.7,19.8,55,83.7090909090909,447.3272727272727,181.27272727272728,9.305399294704108,16.757907570741793,402,509.0124378109453,99.74875621890547,17.85820895522388,117.60696517412936,3.696012552465581,0.0,1,0,0.0,51.695494038473754,88.71171893708164
Llama 3.2 1B,Delta-v3 (k=5),delta_v3_compact_k5,/mnt/nvme2/hj153lee/PalmClaw/on-device-memory-training/benchmarks/llama32-1b-stress-test-once-20260908-v1/cache/base/delta_v3_compact_k5/on/turns.jsonl,35.7,19.8,35,76.42857142857143,475.0,167.34285714285716,8.547503850024858,17.165350988880398,402,586.5223880597015,82.03482587064677,13.044776119402986,95.07960199004975,2.95672135882847,0.0,0,0,0.0,47.48505897799219,70.96724657622764
Llama 3.2 1B,Mem0 One-pass,mem0_one_pass,/mnt/nvme2/hj153lee/PalmClaw/on-device-memory-training/benchmarks/mem0-efficiency-controlled-s86-s90-20260918-v1/llama3.2-1b/cache/mem0_one_pass/on/turns.jsonl,35.7,19.8,60,107.63333333333334,574.2166666666667,453.3,18.133505927623574,21.520527402880344,402,648.8358208955224,524.3308457711443,22.870646766169155,547.2014925373135,15.842221707015385,0.010295690982533036,0,0,0.0,100.73942212362644,380.24511536741335
Llama 3.2 1B,Mem0 Two-stage,mem0_two_stage,/mnt/nvme2/hj153lee/PalmClaw/on-device-memory-training/benchmarks/mem0-efficiency-controlled-s86-s90-20260918-v1/llama3.2-1b/cache/mem0_two_stage/on/turns.jsonl,35.7,19.8,43,110.32558139534883,209.4418604651163,72.32558139534883,7.597925710100812,11.438717840906623,402,254.33830845771143,91.22636815920399,16.266169154228855,107.49253731343283,3.37688414729679,0.0026522780286694935,0,43,0.10696517412935323,42.209744129391765,81.05199674125544
Llama 3.2 3B,Summary,summary,/mnt/nvme2/hj153lee/PalmClaw/on-device-memory-training/benchmarks/llama32-3b-stress-test-once-20260908-v1/cache/base/summary/on/turns.jsonl,11.1,7.3,27,231.5185185185185,407.2962962962963,176.7037037037037,47.63411813640124,68.40822557717536,402,485.0124378109453,99.45024875621891,22.079601990049753,121.52985074626865,11.984084882265215,0.0,0,0,0.0,100.0,100.0
Llama 3.2 3B,Patch,patch,/mnt/nvme2/hj153lee/PalmClaw/on-device-memory-training/benchmarks/llama32-3b-stress-test-once-20260908-v1/cache/base/patch/on/turns.jsonl,11.1,7.3,45,84.26666666666667,458.44444444444446,193.2,28.948784400839195,52.84468029673509,402,509.0124378109453,99.74875621890547,15.649253731343284,115.39800995024876,11.130107821990872,0.0,0,0,0.0,60.7732136825621,92.87407366800188
Llama 3.2 3B,Delta-v3 (k=5),delta_v3_compact_k5,/mnt/nvme2/hj153lee/PalmClaw/on-device-memory-training/benchmarks/llama32-3b-stress-test-once-20260908-v1/cache/base/delta_v3_compact_k5/on/turns.jsonl,11.1,7.3,33,76.0,508.2121212121212,159.9090909090909,24.817183310333995,56.19583468898538,402,586.5223880597015,82.03482587064677,12.664179104477611,94.69900497512438,9.125343908619312,0.0,0,0,0.0,52.09959642638812,76.14552131655506
Llama 3.2 3B,Mem0 One-pass,mem0_one_pass,/mnt/nvme2/hj153lee/PalmClaw/on-device-memory-training/benchmarks/mem0-efficiency-controlled-s86-s90-20260918-v1/llama3.2-3b/cache/mem0_one_pass/on/turns.jsonl,11.1,7.3,43,107.06976744186046,567.6976744186046,447.1860465116279,54.95412264765562,65.81102606269857,402,648.8358208955224,524.3308457711443,18.597014925373134,542.9278606965174,49.78454942368253,0.009469207047267043,0,0,0.0,115.36714606596348,415.4222029698468
Llama 3.2 3B,Mem0 Two-stage,mem0_two_stage,/mnt/nvme2/hj153lee/PalmClaw/on-device-memory-training/benchmarks/mem0-efficiency-controlled-s86-s90-20260918-v1/llama3.2-3b/cache/mem0_two_stage/on/turns.jsonl,11.1,7.3,31,109.6774193548387,194.25806451612902,60.25806451612903,20.452958482123307,32.52503055419538,402,239.6766169154229,80.12935323383084,13.072139303482587,93.20149253731343,9.009564665872169,0.0025876744335230012,0,31,0.07711442786069651,42.937623876138225,75.17941298300613
Qwen 2B,Summary,summary,/mnt/nvme2/hj153lee/PalmClaw/on-device-memory-training/benchmarks/qwen35-2b-natural-s86-s90-cache-once-20260907-v1/cache/summary/on/turns.jsonl,24.7,14.5,28,303.07142857142856,479.2142857142857,382.32142857142856,36.38007817953372,40.302865918110925,402,532.1318407960199,154.46766169154228,27.621890547263682,182.08955223880596,8.158709454264347,0.0,0,0,0.0,100.0,100.0
Qwen 2B,Patch,patch,/mnt/nvme2/hj153lee/PalmClaw/on-device-memory-training/benchmarks/qwen35-2b-natural-s86-s90-cache-once-20260907-v1/cache/patch/on/turns.jsonl,24.7,14.5,53,90.75471698113208,494.39622641509436,350.8679245283019,20.464125129399246,26.27498755396574,402,558.1318407960199,154.7910447761194,18.04228855721393,172.83333333333334,7.511139680627992,0.0,0,0,0.0,56.25091026030756,92.06284060896559
Qwen 2B,Delta-v3 (k=5),delta_v3_compact_k5,/mnt/nvme2/hj153lee/PalmClaw/on-device-memory-training/benchmarks/qwen35-2b-natural-s86-s90-cache-once-20260907-v1/cache/delta_v3_compact_k5/on/turns.jsonl,24.7,14.5,42,87.35714285714286,534.7619047619048,279.04761904761904,17.322104997241112,27.674910086888307,402,652.6019900497513,123.32089552238806,15.395522388059701,138.71641791044777,6.054508971268188,0.0,0,0,0.0,47.61425995776442,74.20915042027451
Qwen 2B,Mem0 One-pass,mem0_one_pass,/mnt/nvme2/hj153lee/PalmClaw/on-device-memory-training/benchmarks/mem0-efficiency-controlled-s86-s90-20260918-v1/qwen35-2b/cache/mem0_one_pass/on/turns.jsonl,24.7,14.5,34,122.23529411764706,651.6470588235294,559.6470588235294,31.087795944847297,34.8124923011226,402,752.1442786069651,661.2885572139304,17.66169154228856,678.9502487562189,27.990863774107265,0.011464675072932718,0,0,0.0,85.4528013695592,343.0795511351022
Qwen 2B,Mem0 Two-stage,mem0_two_stage,/mnt/nvme2/hj153lee/PalmClaw/on-device-memory-training/benchmarks/mem0-efficiency-controlled-s86-s90-20260918-v1/qwen35-2b/cache/mem0_two_stage/on/turns.jsonl,24.7,14.5,43,121.53488372093024,187.06976744186048,75.06976744186046,11.420977958436278,15.955390913901866,402,259.47512437810946,136.88805970149255,17.465174129353233,154.35323383084577,6.7465214761040535,0.0038053262631283767,0,43,0.10696517412935323,31.393494818989584,82.69103727646313
