model,method,method_slug,trace_path,prefill_tokens_per_second,decode_tokens_per_second,cycles,update_decode_tokens_mean,next_logical_prefill_tokens_mean,next_evaluated_prefill_tokens_mean,projected_cache_on_latency_seconds_mean,projected_cache_off_latency_seconds_mean,all_turns,all_turn_logical_prefill_tokens_mean,all_turn_evaluated_prefill_tokens_mean,all_turn_decode_tokens_mean,all_turn_model_tokens_mean,all_turn_projected_latency_seconds_mean,all_turn_retrieval_seconds_mean,generation_errors,manager_invocations,manager_invocation_rate,relative_latency_summary_100
Granite 350M,Summary,summary,/mnt/nvme2/hj153lee/PalmClaw/on-device-memory-training/benchmarks/granite4-350m-natural-s86-s90-cache-once-20260907-v1/cache/summary/on/turns.jsonl,137.7,51.8,33,264.8787878787879,412.4848484848485,196.21212121212122,6.53841474102912,8.109022782225397,402,463.0124378109453,99.17661691542288,28.16915422885572,127.3457711442786,1.2640429355871752,0.0,0,0,0.0,100.0
Granite 350M,Patch,patch,/mnt/nvme2/hj153lee/PalmClaw/on-device-memory-training/benchmarks/granite4-350m-natural-s86-s90-cache-once-20260907-v1/cache/patch/on/turns.jsonl,137.7,51.8,48,82.29166666666667,433.9791666666667,189.0,2.961191233250057,4.740270148766881,402,487.0124378109453,99.47512437810946,15.990049751243781,115.46517412935323,1.0310928987155696,0.0,0,0,0.0,45.289131242598074
Granite 350M,Delta-v3 (k=5),delta_v3_compact_k5,/mnt/nvme2/hj153lee/PalmClaw/on-device-memory-training/benchmarks/granite4-350m-natural-s86-s90-cache-once-20260907-v1/cache/delta_v3_compact_k5/on/turns.jsonl,137.7,51.8,38,79.71052631578948,487.92105263157896,156.31578947368422,2.6740041678122175,5.082176013548563,402,564.5223880597015,81.76119402985074,14.271144278606965,96.03233830845771,0.8692679258965476,0.0,1,0,0.0,40.89682704023972
Qwen 0.8B,Summary,summary,/mnt/nvme2/hj153lee/PalmClaw/on-device-memory-training/benchmarks/qwen35-0.8b-natural-s86-s90-cache-once-20260905-v1/cache/summary/on/turns.jsonl,68.0,27.6,39,272.6923076923077,453.2564102564103,367.20512820512823,15.280231490589546,16.545691520755458,402,532.1318407960199,154.46766169154228,32.776119402985074,187.24378109452735,3.459123818248909,0.0,0,0,0.0,100.0
Qwen 0.8B,Patch,patch,/mnt/nvme2/hj153lee/PalmClaw/on-device-memory-training/benchmarks/qwen35-0.8b-natural-s86-s90-cache-once-20260905-v1/cache/patch/on/turns.jsonl,68.0,27.6,64,94.109375,495.15625,338.0625,8.381267316709293,10.691469522591644,402,558.1318407960199,154.7910447761194,20.8681592039801,175.6592039800995,3.0324316185483493,0.0,0,0,0.0,54.85039491627443
Qwen 0.8B,Delta-v3 (k=5),delta_v3_compact_k5,/mnt/nvme2/hj153lee/PalmClaw/on-device-memory-training/benchmarks/qwen35-0.8b-natural-s86-s90-cache-once-20260905-v1/cache/delta_v3_compact_k5/on/turns.jsonl,68.0,27.6,32,86.09375,573.6875,306.15625,7.621636562233589,11.555919650468883,402,652.6019900497513,123.32089552238806,13.296019900497512,136.61691542288557,2.2952824326788903,0.0,0,0,0.0,49.87906477023882
Granite 1B,Summary,summary,/mnt/nvme2/hj153lee/PalmClaw/on-device-memory-training/benchmarks/granite4-1b-natural-s86-s90-cache-once-20260905-v1/cache/summary/on/turns.jsonl,25.7,16.4,59,260.54237288135596,413.2881355932203,192.11864406779662,23.36216367505626,31.96798046592878,402,463.0124378109453,99.17661691542288,44.211442786069654,143.38805970149255,6.55483201341683,0.0,0,0,0.0,100.0
Granite 1B,Patch,patch,/mnt/nvme2/hj153lee/PalmClaw/on-device-memory-training/benchmarks/granite4-1b-natural-s86-s90-cache-once-20260905-v1/cache/patch/on/turns.jsonl,25.7,16.4,59,85.01694915254237,431.47457627118644,187.27118644067798,12.470776907201902,21.972854332513517,402,487.0124378109453,99.47512437810946,18.450248756218905,117.92537313432835,4.995642575770668,0.0,0,0,0.0,53.380230875263194
Granite 1B,Delta-v3 (k=5),delta_v3_compact_k5,/mnt/nvme2/hj153lee/PalmClaw/on-device-memory-training/benchmarks/granite4-1b-natural-s86-s90-cache-once-20260905-v1/cache/delta_v3_compact_k5/on/turns.jsonl,25.7,16.4,41,77.78048780487805,464.0243902439024,162.97560975609755,11.084176085663296,22.798136415928077,402,564.5223880597015,81.76119402985074,14.218905472636816,95.98009950248756,4.048375848762262,0.0,0,0,0.0,47.444989427489766
Llama 3.2 1B,Summary,summary,/mnt/nvme2/hj153lee/PalmClaw/on-device-memory-training/benchmarks/llama32-1b-stress-test-once-20260908-v1/cache/base/summary/on/turns.jsonl,35.7,19.8,34,247.44117647058823,423.5,196.47058823529412,18.000406936393095,24.359774212715386,402,485.0124378109453,99.45024875621891,27.33582089552239,126.7860696517413,4.166318268600972,0.0,0,0,0.0,100.0
Llama 3.2 1B,Patch,patch,/mnt/nvme2/hj153lee/PalmClaw/on-device-memory-training/benchmarks/llama32-1b-stress-test-once-20260908-v1/cache/base/patch/on/turns.jsonl,35.7,19.8,55,83.7090909090909,447.3272727272727,181.27272727272728,9.305399294704108,16.757907570741793,402,509.0124378109453,99.74875621890547,17.85820895522388,117.60696517412936,3.696012552465581,0.0,1,0,0.0,51.695494038473754
Llama 3.2 1B,Delta-v3 (k=5),delta_v3_compact_k5,/mnt/nvme2/hj153lee/PalmClaw/on-device-memory-training/benchmarks/llama32-1b-stress-test-once-20260908-v1/cache/base/delta_v3_compact_k5/on/turns.jsonl,35.7,19.8,35,76.42857142857143,475.0,167.34285714285716,8.547503850024858,17.165350988880398,402,586.5223880597015,82.03482587064677,13.044776119402986,95.07960199004975,2.95672135882847,0.0,0,0,0.0,47.48505897799219
Llama 3.2 3B,Summary,summary,/mnt/nvme2/hj153lee/PalmClaw/on-device-memory-training/benchmarks/llama32-3b-stress-test-once-20260908-v1/cache/base/summary/on/turns.jsonl,11.1,7.3,27,231.5185185185185,407.2962962962963,176.7037037037037,47.63411813640124,68.40822557717536,402,485.0124378109453,99.45024875621891,22.079601990049753,121.52985074626865,11.984084882265215,0.0,0,0,0.0,100.0
Llama 3.2 3B,Patch,patch,/mnt/nvme2/hj153lee/PalmClaw/on-device-memory-training/benchmarks/llama32-3b-stress-test-once-20260908-v1/cache/base/patch/on/turns.jsonl,11.1,7.3,45,84.26666666666667,458.44444444444446,193.2,28.948784400839195,52.84468029673509,402,509.0124378109453,99.74875621890547,15.649253731343284,115.39800995024876,11.130107821990872,0.0,0,0,0.0,60.7732136825621
Llama 3.2 3B,Delta-v3 (k=5),delta_v3_compact_k5,/mnt/nvme2/hj153lee/PalmClaw/on-device-memory-training/benchmarks/llama32-3b-stress-test-once-20260908-v1/cache/base/delta_v3_compact_k5/on/turns.jsonl,11.1,7.3,33,76.0,508.2121212121212,159.9090909090909,24.817183310333995,56.19583468898538,402,586.5223880597015,82.03482587064677,12.664179104477611,94.69900497512438,9.125343908619312,0.0,0,0,0.0,52.09959642638812
Qwen 2B,Summary,summary,/mnt/nvme2/hj153lee/PalmClaw/on-device-memory-training/benchmarks/qwen35-2b-natural-s86-s90-cache-once-20260907-v1/cache/summary/on/turns.jsonl,24.7,14.5,28,303.07142857142856,479.2142857142857,382.32142857142856,36.38007817953372,40.302865918110925,402,532.1318407960199,154.46766169154228,27.621890547263682,182.08955223880596,8.158709454264347,0.0,0,0,0.0,100.0
Qwen 2B,Patch,patch,/mnt/nvme2/hj153lee/PalmClaw/on-device-memory-training/benchmarks/qwen35-2b-natural-s86-s90-cache-once-20260907-v1/cache/patch/on/turns.jsonl,24.7,14.5,53,90.75471698113208,494.39622641509436,350.8679245283019,20.464125129399246,26.27498755396574,402,558.1318407960199,154.7910447761194,18.04228855721393,172.83333333333334,7.511139680627992,0.0,0,0,0.0,56.25091026030756
Qwen 2B,Delta-v3 (k=5),delta_v3_compact_k5,/mnt/nvme2/hj153lee/PalmClaw/on-device-memory-training/benchmarks/qwen35-2b-natural-s86-s90-cache-once-20260907-v1/cache/delta_v3_compact_k5/on/turns.jsonl,24.7,14.5,42,87.35714285714286,534.7619047619048,279.04761904761904,17.322104997241112,27.674910086888307,402,652.6019900497513,123.32089552238806,15.395522388059701,138.71641791044777,6.054508971268188,0.0,0,0,0.0,47.61425995776442
