workload,method,n_models,relative_latency_percent_mean,relative_latency_percent_sd,latency_reduction_percent_mean,latency_reduction_percent_sd,composite_percent_mean,composite_percent_sd,composite_change_pp_mean,composite_change_pp_sd
Base,Patch,6,100.0,0.0,0.0,0.0,68.50042986959512,4.656981326509332,0.0,0.0
Base,k=2,6,82.91175688396191,8.515599705899799,17.08824311603809,8.515599705899799,68.68966633277623,2.806727315974571,0.1892364631811058,2.1293442963761744
Base,k=5,6,75.30921652738205,4.605517316421432,24.69078347261795,4.605517316421432,66.2153608691607,3.7672776028833708,-2.28506900043442,1.4621364318396164
Base,k=10,6,81.62423347982063,10.344853067878612,18.375766520179372,10.344853067878612,64.89946523659586,4.500694142582537,-3.6009646329992684,2.5289248619747977
U40,Patch,6,100.0,0.0,0.0,0.0,69.13489797690939,5.419247589089216,0.0,0.0
U40,k=2,6,74.8390961837493,7.871166366870653,25.1609038162507,7.871166366870653,67.142511220537,4.501006483004515,-1.9923867563723714,3.2065199085861003
U40,k=5,6,55.536856149899265,3.0846302772212373,44.463143850100735,3.0846302772212373,62.166047990493404,6.76481570050055,-6.968849986415974,2.726982683627429
U40,k=10,6,54.77449000867547,8.549261370039378,45.22550999132453,8.549261370039378,60.3204676264267,4.999294714867669,-8.814430350482684,3.8775837348096243
U60,Patch,6,100.0,0.0,0.0,0.0,68.30962278000003,7.146791985215319,0.0,0.0
U60,k=2,6,71.85980723686193,7.965625594827587,28.140192763138074,7.965625594827587,65.46795834305992,5.008093202008759,-2.8416644369401034,4.955761360780242
U60,k=5,6,47.33276730055477,3.2670599687124233,52.66723269944523,3.2670599687124233,61.63489050085438,7.8426297045490205,-6.674732279145641,3.427097978187087
U60,k=10,6,43.538010705518715,6.205819427837152,56.461989294481285,6.205819427837152,58.923230915196726,6.402145175481784,-9.386391864803295,8.802460215626647
U80,Patch,6,100.0,0.0,0.0,0.0,66.87133309451409,7.535078717747674,0.0,0.0
U80,k=2,6,69.7076340897941,8.10860551188669,30.292365910205906,8.10860551188669,65.16210465789597,5.89008316691684,-1.7092284366181214,3.814547998900258
U80,k=5,6,42.90225235873096,3.3749336255943563,57.09774764126904,3.3749336255943563,60.3660418577191,9.251700679832256,-6.505291236794991,4.60852282311684
U80,k=10,6,37.259271640892074,4.788234096204527,62.74072835910793,4.788234096204527,56.55586417111097,7.235743469676478,-10.315468923403118,7.430332063931313
